{
  "name": "Zoom Workflow",
  "form": "58b69ff0-e8f0-4424-b2f3-41a60d1262a1",
  "blocks": [
    {
      "id": "d033f98c-45c4-4606-a9d5-8b4939ffc850",
      "label": "Zoom - Create Bridge",
      "environment": "HOSTED",
      "presentation": "{\"w\":60,\"x\":270,\"h\":60,\"y\":137}",
      "step": "bdabee8c-71d8-405e-9d24-c11a4954daa0",
      "stepType": "SCRIPT_STEP",
      "inputMappings": [
        {
          "inputPort": "input",
          "mapping": "false",
          "stepInput": "49f75ce0-93e9-496c-8ba8-146311ab264b"
        },
        {
          "inputPort": "input",
          "mapping": "false",
          "stepInput": "a74e2306-1ff5-4288-b78b-966afe91badd"
        }
      ]
    }
  ]
}