[
  {
    "id": "bdabee8c-71d8-405e-9d24-c11a4954daa0",
    "name": "Zoom - Create Meeting",
    "description": "Create a new meeting in Zoom and retrieve the Start and Join URLs",
    "icon": "http://s3-xmatters-static.s3.amazonaws.com/null/customers/c7ec6115-b3a8-4568-a32f-bd79a16602fe/IMAGE__20190814194401821__zoom.png",
    "script": "var token = input['JWT Token'];\n\nvar apiRequest = http.request({\n    'endpoint': 'Zoom',\n    'headers': {\n        'User-Agent': 'Zoom-Jwt-Request',\n        'Content-type': 'application/json',\n        'Authorization': 'Bearer ' + token\n    },\n    'path': '/users/' + encodeURIComponent( input['schedule_for'] ) + '/meetings',\n    'method': 'POST'\n});\n\nvar payload = {\n    \"topic\":    input['topic'],\n    \"password\": input['password'],\n    \"agenda\":   input['agenda'],\n    \"settings\": {\n        \"join_before_host\": input['join_before_host']\n    }\n};\n\nvar apiResponse = apiRequest.write( payload );\nif (apiResponse.statusCode >= 200 && apiResponse.statusCode < 300) {\n    var resp = JSON.parse(apiResponse.body);\n    output['Join URL'] = resp['join_url'];\n    output['Start URL'] = resp['start_url'];\n}",
    "endpointAuthType": "NO_AUTH",
    "endpointLabel": "Zoom",
    "allowedEnvironment": "HOSTED",
    "accessibleByAll": "NotShared",
    "scriptStepType": "USER",
    "inputs": [
      {
        "id": "4e69696e-b2d8-4f45-8407-c22d419bee63",
        "name": "JWT Token",
        "helpText": "Zoom JWT Token",
        "defaultValue": "",
        "multiline": false,
        "required": true,
        "maxLength": 2000,
        "minLength": 0,
        "position": 0
      },
      {
        "id": "ee304aa1-db1e-4dc8-ba2e-eb4e606fae95",
        "name": "schedule_for",
        "helpText": "Email or Zoom User ID of host for meeting. This should be the user who generated the token.",
        "defaultValue": "",
        "multiline": false,
        "required": true,
        "maxLength": 2000,
        "minLength": 0,
        "position": 1
      },
      {
        "id": "f9d11f77-4693-4491-a84a-c5425d1c1df8",
        "name": "topic",
        "helpText": "Topic of the meeting",
        "defaultValue": "",
        "multiline": false,
        "required": true,
        "maxLength": 2000,
        "minLength": 0,
        "position": 2
      },
      {
        "id": "7ff08668-4e90-4369-8678-6f27dda4af35",
        "name": "agenda",
        "helpText": "Agenda text to include in the meeting.",
        "defaultValue": "",
        "multiline": false,
        "required": false,
        "maxLength": 2000,
        "minLength": 0,
        "position": 3
      },
      {
        "id": "49f75ce0-93e9-496c-8ba8-146311ab264b",
        "name": "join_before_host",
        "helpText": "Allow attendees to join the conference without the host",
        "defaultValue": "false",
        "multiline": false,
        "required": false,
        "maxLength": 2000,
        "minLength": 0,
        "position": 4
      },
      {
        "id": "07e377f9-0bec-4ef2-9d85-757090800f3b",
        "name": "password",
        "helpText": "Password to join the meeting. May only contain a-z A-Z 0-9 @ - _ *. Max of 10 characters",
        "defaultValue": "",
        "multiline": false,
        "required": false,
        "maxLength": 2000,
        "minLength": 0,
        "position": 5
      },
      {
        "id": "a74e2306-1ff5-4288-b78b-966afe91badd",
        "name": "enforce_login",
        "helpText": "Whether or not user are required to be signed in to their Zoom account to join the meeting (Can be either True or False)",
        "defaultValue": "false",
        "multiline": false,
        "required": false,
        "maxLength": 2000,
        "minLength": 0,
        "position": 6
      }
    ],
    "outputs": [
      {
        "id": "f8b734a0-c149-4338-8c3b-7d53813b0735",
        "name": "Join URL",
        "position": 0
      },
      {
        "id": "7a741a7c-ed4a-48e2-b367-e3a0844e5a14",
        "name": "Start URL",
        "position": 1
      }
    ],
    "libraries": []
  }
]